<Objects>
  <Object type="0x0de0" id="Abomination of Oryx">
    <Enemy />
    <Class>Character</Class>
    <AnimatedTexture>
      <File>chars16x16dEncounters2</File><Index>21</Index>
    </AnimatedTexture>
    <HitSound>monster/minion_of_oryx_hit</HitSound>
    <DeathSound>monster/minion_of_oryx_death</DeathSound>
    <Size>80</Size>
    <MaxHitPoints>1000</MaxHitPoints>
    <Defense>12</Defense>
    <XpMult>0.1</XpMult>
    <Projectile id="0">
      <ObjectId>Red Fire</ObjectId>
      <Damage>50</Damage>
      <Speed>140</Speed>
      <LifetimeMS>400</LifetimeMS>
    </Projectile>
    <Projectile id="1">
      <ObjectId>Red Fire</ObjectId>
      <Damage>50</Damage>
      <Speed>120</Speed>
      <LifetimeMS>400</LifetimeMS>
    </Projectile>
    <Projectile id="2">
      <ObjectId>Red Fire</ObjectId>
      <Damage>50</Damage>
      <Speed>100</Speed>
      <LifetimeMS>400</LifetimeMS>
    </Projectile>
    <Projectile id="3">
      <ObjectId>Red Fire</ObjectId>
      <Damage>50</Damage>
      <Speed>80</Speed>
      <LifetimeMS>500</LifetimeMS>
    </Projectile>
    <Projectile id="4">
      <ObjectId>Red Fire</ObjectId>
      <Damage>50</Damage>
      <Speed>60</Speed>
      <LifetimeMS>500</LifetimeMS>
    </Projectile>
  </Object>

  <Object type="0x0de1" id="Monstrosity of Oryx">
    <Enemy />
    <Class>Character</Class>
    <AnimatedTexture>
      <File>chars16x16dEncounters2</File><Index>22</Index>
    </AnimatedTexture>
    <HitSound>monster/minion_of_oryx_hit</HitSound>
    <DeathSound>monster/minion_of_oryx_death</DeathSound>
    <Size>80</Size>
    <MaxHitPoints>1000</MaxHitPoints>
    <Defense>12</Defense>
    <XpMult>0.1</XpMult>
  </Object>

  <Object type="0x0de2" id="Monstrosity Scarab">
    <Enemy />
    <Class>Character</Class>
    <Texture>
      <File>lofiChar28x8</File><Index>0xa0</Index>
    </Texture>
    <HitSound>monster/minion_of_oryx_hit</HitSound>
    <DeathSound>monster/minion_of_oryx_death</DeathSound>
    <Size>80</Size>
    <MaxHitPoints>200</MaxHitPoints>
    <Defense>0</Defense>
    <XpMult>0.1</XpMult>
    <Projectile id="0">
      <ObjectId>Red Fire</ObjectId>
      <Damage>50</Damage>
      <Speed>70</Speed>
      <LifetimeMS>1400</LifetimeMS>
    </Projectile>
  </Object>

  <Object type="0x0de3" id="Aberrant of Oryx">
    <Enemy />
    <Class>Character</Class>
    <AnimatedTexture>
      <File>chars16x16dEncounters2</File><Index>23</Index>
    </AnimatedTexture>
    <HitSound>monster/minion_of_oryx_hit</HitSound>
    <DeathSound>monster/minion_of_oryx_death</DeathSound>
    <Size>80</Size>
    <MaxHitPoints>1000</MaxHitPoints>
    <Defense>12</Defense>
    <XpMult>0.1</XpMult>
  </Object>

  <Object type="0x0de4" id="Aberrant Blaster">
    <Enemy />
    <Class>Character</Class>
    <Texture>
      <File>lofiObj</File><Index>0x97</Index>
    </Texture>
    <HitSound>monster/minion_of_oryx_hit</HitSound>
    <DeathSound>monster/minion_of_oryx_death</DeathSound>
    <Size>80</Size>
    <MaxHitPoints>100</MaxHitPoints>
    <Defense>0</Defense>
    <XpMult>0.1</XpMult>
    <Projectile id="0">
      <ObjectId>Red Fire</ObjectId>
      <Damage>50</Damage>
      <Speed>120</Speed>
      <LifetimeMS>500</LifetimeMS>
    </Projectile>
  </Object>

  <Object type="0x0de5" id="Wine Barrel">
    <Class>GameObject</Class>
    <RandomTexture>
      <Texture>
        <File>lofiEnvironment3</File><Index>0x76</Index>
      </Texture>
      <Texture>
        <File>lofiEnvironment3</File><Index>0x77</Index>
      </Texture>
      <Texture>
        <File>lofiEnvironment3</File><Index>0x78</Index>
      </Texture>
    </RandomTexture>
    <Static />
    <OccupySquare />
    <HitSound>monster/wooden_walls_hit</HitSound>
    <DeathSound>monster/stone_walls_death</DeathSound>
    <MaxHitPoints>3000</MaxHitPoints>
    <StasisImmune />
    <Enemy />
    <XpMult>0.0</XpMult>
  </Object>

  <Object type="0x0de6" id="WineSpill Puddle">
    <Class>GameObject</Class>
    <RandomTexture>
      <Texture>
        <File>lofiEnvironment3</File><Index>0x79</Index>
      </Texture>
      <Texture>
        <File>lofiEnvironment3</File><Index>0x7a</Index>
      </Texture>
      <Texture>
        <File>lofiEnvironment3</File><Index>0x7b</Index>
      </Texture>
    </RandomTexture>
    <DrawOnGround />
    <Static />
  </Object>

  <Object type="0x0de7" id="WineSpill DL">
    <Class>GameObject</Class>
    <Texture>
      <File>lofiEnvironment3</File><Index>0x7c</Index>
    </Texture>
    <DrawOnGround />
    <Static />
  </Object>

  <Object type="0x0de8" id="WineSpill DR">
    <Class>GameObject</Class>
    <Texture>
      <File>lofiEnvironment3</File><Index>0x7d</Index>
    </Texture>
    <DrawOnGround />
    <Static />
  </Object>

  <Object type="0x0de9" id="WineSpill UR">
    <Class>GameObject</Class>
    <Texture>
      <File>lofiEnvironment3</File><Index>0x7e</Index>
    </Texture>
    <DrawOnGround />
    <Static />
  </Object>

  <Object type="0x0dea" id="WineSpill UL">
    <Class>GameObject</Class>
    <Texture>
      <File>lofiEnvironment3</File><Index>0x7f</Index>
    </Texture>
    <DrawOnGround />
    <Static />
  </Object>

  <Object type="0x0deb" id="WineSpill L">
    <Class>GameObject</Class>
    <Texture>
      <File>lofiEnvironment3</File><Index>0x80</Index>
    </Texture>
    <DrawOnGround />
    <Static />
  </Object>

  <Object type="0x0dec" id="WineSpill R">
    <Class>GameObject</Class>
    <Texture>
      <File>lofiEnvironment3</File><Index>0x81</Index>
    </Texture>
    <DrawOnGround />
    <Static />
  </Object>

  <Object type="0x0ded" id="WineSpill U">
    <Class>GameObject</Class>
    <Texture>
      <File>lofiEnvironment3</File><Index>0x82</Index>
    </Texture>
    <DrawOnGround />
    <Static />
  </Object>

  <Object type="0x0dee" id="WineSpill D">
    <Class>GameObject</Class>
    <Texture>
      <File>lofiEnvironment3</File><Index>0x83</Index>
    </Texture>
    <DrawOnGround />
    <Static />
  </Object>

  <Object type="0x0def" id="WineSpill C">
    <Class>GameObject</Class>
    <Texture>
      <File>lofiEnvironment3</File><Index>0x84</Index>
    </Texture>
    <DrawOnGround />
    <Static />
  </Object>

  <Object type="0x0df0" id="Purple Goo">
    <Enemy />
    <Class>Character</Class>
    <RandomTexture>
      <Texture>
        <File>lofiEnvironment3</File><Index>0x85</Index>
      </Texture>
      <Texture>
        <File>lofiEnvironment3</File><Index>0x86</Index>
      </Texture>
      <Texture>
        <File>lofiEnvironment3</File><Index>0x87</Index>
      </Texture>
      <Texture>
        <File>lofiEnvironment3</File><Index>0x88</Index>
      </Texture>
      <Texture>
        <File>lofiEnvironment3</File><Index>0x89</Index>
      </Texture>
    </RandomTexture>

    <Size>90</Size>
    <ShadowSize>0</ShadowSize>
    <DrawUnder />
    <NoMiniMap />

    <MaxHitPoints>2000</MaxHitPoints>
    <Defense>0</Defense>
    <XpMult>0</XpMult>
    <Projectile id="0">
      <ObjectId>Invisible</ObjectId>
      <MinDamage>40</MinDamage>
      <MaxDamage>70</MaxDamage>
      <Speed>0</Speed>
      <Size>85</Size>
      <LifetimeMS>6000</LifetimeMS>
      <MultiHit />
      <ConditionEffect duration="5">Sick</ConditionEffect>
      <ConditionEffect duration="3.4">Slowed</ConditionEffect>
    </Projectile>


  </Object>

  <Object type="0x0df1" id="Bile of Oryx">

    <Enemy />
    <Class>Character</Class>
    <AnimatedTexture>
      <File>chars16x16dEncounters2</File><Index>24</Index>
    </AnimatedTexture>
    <HitSound>monster/slimes_death</HitSound>
    <DeathSound>monster/flying_brain_death</DeathSound>
    <Size>90</Size>
    <ShadowSize>0</ShadowSize>
    <MaxHitPoints>3000</MaxHitPoints>
    <Defense>80</Defense>
    <XpMult>0.08</XpMult>


  </Object>

  <Object type="0x0df2" id="Vintner of Oryx">

    <Enemy />
    <Class>Character</Class>
    <AnimatedTexture>
      <File>chars16x16rEncounters</File><Index>1</Index>
    </AnimatedTexture>
    <HitSound>monster/minion_of_oryx_hit</HitSound>
    <DeathSound>monster/minion_of_oryx_death</DeathSound>
    <Size>80</Size>
    <MaxHitPoints>1500</MaxHitPoints>
    <Defense>18</Defense>
    <XpMult>0.1</XpMult>
    <Projectile id="0">
      <ObjectId>Wine Bomb</ObjectId>
      <Damage>50</Damage>
      <Speed>70</Speed>
      <LifetimeMS>1400</LifetimeMS>
      <ConditionEffect duration="4">Drunk</ConditionEffect>
    </Projectile>


  </Object>
</Objects>