<Objects>


  <Object type="0x0932" id="Oryx the Mad God 2">
    <DisplayId>Oryx the Mad God</DisplayId>
    <Enemy />
    <Class>Character</Class>
    <Texture>
      <File>lofiChar16x16</File><Index>0x54</Index>
    </Texture>
    <HitSound>monster/oryx_hit</HitSound>
    <DeathSound>monster/oryx_death</DeathSound>
    <Size>120</Size>
    <MaxHitPoints>75000</MaxHitPoints>
    <Defense>60</Defense>
    <Quest />
    <God />
    <Oryx />
    <StasisImmune />
    <Level>1</Level>
    <XpMult>1</XpMult>
    <NoArticle />

    <Projectile id="0">
      <ObjectId>Fire Bolt</ObjectId>
      <Damage>135</Damage>
      <Speed>70</Speed>
      <LifetimeMS>2500</LifetimeMS>
    </Projectile>
    <Projectile id="1">
      <ObjectId>Green Star</ObjectId>
      <Damage>160</Damage>
      <Speed>70</Speed>
      <LifetimeMS>2500</LifetimeMS>
      <ConditionEffect duration="10">Slowed</ConditionEffect>
    </Projectile>
    <Projectile id="2">
      <ObjectId>Blade</ObjectId>
      <Damage>240</Damage>
      <Speed>100</Speed>
      <LifetimeMS>450</LifetimeMS>
    </Projectile>
    <Projectile id="3">
      <ObjectId>Purple Star</ObjectId>
      <Damage>160</Damage>
      <Speed>55</Speed>
      <LifetimeMS>3000</LifetimeMS>
      <ConditionEffect duration="5">Blind</ConditionEffect>
    </Projectile>
    <Projectile id="4">
      <ObjectId>Blue Star</ObjectId>
      <Damage>160</Damage>
      <Speed>105</Speed>
      <LifetimeMS>1200</LifetimeMS>
      <ConditionEffect duration="5">Confused</ConditionEffect>
    </Projectile>
    <Projectile id="5">
      <ObjectId>Grey Star</ObjectId>
      <Damage>160</Damage>
      <Speed>45</Speed>
      <LifetimeMS>3000</LifetimeMS>
      <ConditionEffect duration="3">Quiet</ConditionEffect>
    </Projectile>
    <Projectile id="6">
      <ObjectId>Red Star</ObjectId>
      <Damage>160</Damage>
      <Speed>55</Speed>
      <LifetimeMS>3000</LifetimeMS>
      <ArmorPiercing />
    </Projectile>

    <Projectile id="13">
      <ObjectId>Dark Gray Spinner</ObjectId>
      <Speed>90</Speed>
      <Size>100</Size>
      <Damage>1</Damage>
      <LifetimeMS>1800</LifetimeMS>
      <ConditionEffect duration="20">Quiet</ConditionEffect>
      <MultiHit />
    </Projectile>
    <Projectile id="14">
      <ObjectId>Gray Spinner</ObjectId>
      <Speed>90</Speed>
      <Size>100</Size>
      <Damage>1</Damage>
      <LifetimeMS>1800</LifetimeMS>
      <ConditionEffect duration="60">Weak</ConditionEffect>
      <MultiHit />
    </Projectile>


  </Object>


  <Object type="0x0944" id="Henchman of Oryx">
    <Enemy />
    <Class>Character</Class>
    <AnimatedTexture>
      <File>chars16x16dEncounters2</File><Index>20</Index>
    </AnimatedTexture>
    <HitSound>monster/minion_of_oryx_hit</HitSound>
    <DeathSound>monster/minion_of_oryx_death</DeathSound>
    <Size>100</Size>
    <MaxHitPoints>4000</MaxHitPoints>
    <Defense>25</Defense>
    <XpMult>0.1</XpMult>
    <Projectile id="0">
      <ObjectId>Blue Shuriken</ObjectId>
      <Damage>100</Damage>
      <Speed>70</Speed>
      <LifetimeMS>4000</LifetimeMS>
      <ConditionEffect duration="1.5">Confused</ConditionEffect>
      <Boomerang />
    </Projectile>
    <Projectile id="1">
      <ObjectId>Blue Bolt</ObjectId>
      <Damage>80</Damage>
      <Speed>55</Speed>
      <LifetimeMS>4000</LifetimeMS>
    </Projectile>


  </Object>


  <Object type="0x0928" id="Ghost King">
    <Group>Heros</Group>
    <Enemy />
    <Class>Character</Class>


    <AnimatedTexture>
      <File>chars8x8rHero1</File><Index>0x0a</Index>
    </AnimatedTexture>
    <HitSound>monster/ghosts_hit</HitSound>
    <DeathSound>monster/ghosts_death</DeathSound>


    <Size>95</Size>
    <MaxHitPoints>300000</MaxHitPoints>
    <Defense>7</Defense>
    <Hero />
    <Quest />
    <Level>15</Level>


    <Projectile id="0">
      <ObjectId>White Bullet</ObjectId>
      <Damage>50</Damage>
      <Speed>60</Speed>
      <LifetimeMS>800</LifetimeMS>
    </Projectile>


  </Object>


  <Object type="0x0929" id="Ghost Master">
    <Group>Ghosts</Group>
    <Enemy />
    <Class>Character</Class>


    <AnimatedTexture>
      <File>chars8x8rHero1</File><Index>0x0b</Index>
    </AnimatedTexture>
    <HitSound>monster/ghosts_hit</HitSound>
    <DeathSound>monster/ghosts_death</DeathSound>


    <Size>100</Size>
    <MaxHitPoints>100000</MaxHitPoints>
    <Defense>2</Defense>
    <XpMult>0.01</XpMult>


    <Projectile id="0">
      <ObjectId>Blue Arrow</ObjectId>
      <Damage>30</Damage>
      <Speed>80</Speed>
      <Size>140</Size>
      <LifetimeMS>2000</LifetimeMS>
    </Projectile>


  </Object>


  <Object type="0x092d" id="Actual Ghost King">
    <DisplayId>Ghost King</DisplayId>
    <Group>Heros</Group>
    <Enemy />
    <Class>Character</Class>


    <AnimatedTexture>
      <File>chars8x8rHero1</File><Index>0x0a</Index>
    </AnimatedTexture>
    <HitSound>monster/ghosts_hit</HitSound>
    <DeathSound>monster/ghosts_death</DeathSound>


    <Size>95</Size>
    <MaxHitPoints>5000</MaxHitPoints>
    <Defense>7</Defense>
    <Hero />
    <Quest />
    <Level>15</Level>


    <Projectile id="0">
      <ObjectId>White Bullet</ObjectId>
      <Damage>50</Damage>
      <Speed>60</Speed>
      <LifetimeMS>800</LifetimeMS>
    </Projectile>


  </Object>


  <Object type="0x092a" id="Small Ghost">
    <Group>Ghosts</Group>
    <Enemy />
    <Class>Character</Class>


    <AnimatedTexture>
      <File>chars8x8rHero1</File><Index>0x0b</Index>
    </AnimatedTexture>
    <HitSound>monster/ghosts_hit</HitSound>
    <DeathSound>monster/ghosts_death</DeathSound>


    <Size>100</Size>
    <MaxHitPoints>1000</MaxHitPoints>
    <Defense>2</Defense>


    <Projectile id="0">
      <ObjectId>Blue Arrow</ObjectId>
      <Damage>30</Damage>
      <Speed>80</Speed>
      <Size>140</Size>
      <LifetimeMS>3000</LifetimeMS>
    </Projectile>


  </Object>


  <Object type="0x092b" id="Medium Ghost">
    <Group>Ghosts</Group>
    <Enemy />
    <Class>Character</Class>


    <AnimatedTexture>
      <File>chars8x8rHero1</File><Index>0x0b</Index>
    </AnimatedTexture>
    <HitSound>monster/ghosts_hit</HitSound>
    <DeathSound>monster/ghosts_death</DeathSound>


    <MaxHitPoints>4000</MaxHitPoints>
    <Defense>7</Defense>


    <Projectile id="0">
      <ObjectId>Blue Arrow</ObjectId>
      <Damage>40</Damage>
      <Speed>80</Speed>
      <LifetimeMS>3000</LifetimeMS>
      <Size>140</Size>
      <MultiHit />
    </Projectile>


  </Object>


  <Object type="0x092c" id="Large Ghost">
    <Group>Ghosts</Group>
    <Enemy />
    <Class>Character</Class>


    <AnimatedTexture>
      <File>chars8x8rHero1</File><Index>0x0b</Index>
    </AnimatedTexture>
    <HitSound>monster/ghosts_hit</HitSound>
    <DeathSound>monster/ghosts_death</DeathSound>


    <Size>180</Size>
    <MaxHitPoints>8000</MaxHitPoints>
    <Defense>20</Defense>


    <Projectile id="0">
      <ObjectId>Blue Arrow</ObjectId>
      <Damage>50</Damage>
      <Speed>80</Speed>
      <LifetimeMS>3000</LifetimeMS>
      <Size>140</Size>
      <MultiHit />
    </Projectile>


  </Object>


  <Object type="0x091b" id="Lich">
    <Group>Heros</Group>
    <Enemy />
    <Class>Character</Class>
    <AnimatedTexture>
      <File>chars8x8rHero1</File><Index>0x06</Index>
    </AnimatedTexture>
    <HitSound>monster/skeletons_hit</HitSound>
    <DeathSound>monster/skeletons_death</DeathSound>
    <Size>120</Size>
    <MaxHitPoints>300000</MaxHitPoints>
    <Defense>7</Defense>
    <Hero />
    <Quest />
    <Level>9</Level>
    <XpMult>0.0</XpMult>

    <Projectile id="0">
      <ObjectId>Blue Magic</ObjectId>
      <Damage>25</Damage>
      <Speed>80</Speed>
      <LifetimeMS>2200</LifetimeMS>
      <Size>60</Size>
      <MultiHit />
    </Projectile>
    <Projectile id="1">
      <ObjectId>Blue Magic</ObjectId>
      <Damage>60</Damage>
      <Speed>60</Speed>
      <LifetimeMS>2000</LifetimeMS>
      <Size>110</Size>
      <MultiHit />
    </Projectile>


  </Object>


  <Object type="0x091c" id="Actual Lich">
    <DisplayId>Lich</DisplayId>
    <Group>Heros</Group>
    <Enemy />
    <Class>Character</Class>
    <AnimatedTexture>
      <File>chars8x8rHero1</File><Index>0x06</Index>
    </AnimatedTexture>
    <HitSound>monster/skeletons_hit</HitSound>
    <DeathSound>monster/skeletons_death</DeathSound>
    <Size>120</Size>
    <MaxHitPoints>1100</MaxHitPoints>
    <Defense>7</Defense>
    <Hero />
    <Quest />
    <Level>9</Level>
    <XpMult>1.5</XpMult>


    <Projectile id="0">
      <ObjectId>Blue Magic</ObjectId>
      <Damage>25</Damage>
      <Speed>80</Speed>
      <LifetimeMS>2200</LifetimeMS>
      <Size>60</Size>
      <MultiHit />
    </Projectile>
    <Projectile id="1">
      <ObjectId>Blue Magic</ObjectId>
      <Damage>60</Damage>
      <Speed>60</Speed>
      <LifetimeMS>2000</LifetimeMS>
      <Size>110</Size>
      <MultiHit />
    </Projectile>


  </Object>


  <Object type="0x091d" id="Phylactery Bearer">
    <Group>Ghosts</Group>
    <Enemy />
    <Class>Character</Class>


    <AnimatedTexture>
      <File>chars16x16dEncounters</File><Index>3</Index>
    </AnimatedTexture>
    <HitSound>monster/ghosts_hit</HitSound>
    <DeathSound>monster/ghosts_death</DeathSound>


    <Size>80</Size>
    <MaxHitPoints>6000</MaxHitPoints>
    <Defense>4</Defense>
    <XpMult>0.3</XpMult>


    <Projectile id="0">
      <ObjectId>Sparkling Bolt</ObjectId>
      <Damage>35</Damage>
      <Speed>60</Speed>
      <Size>50</Size>
      <LifetimeMS>2000</LifetimeMS>
    </Projectile>
    <Projectile id="1">
      <ObjectId>Grey Boomerang</ObjectId>
      <Damage>60</Damage>
      <Speed>70</Speed>
      <Size>80</Size>
      <LifetimeMS>2000</LifetimeMS>
    </Projectile>


  </Object>


  <Object type="0x091e" id="Haunted Spirit">
    <Group>Ghosts</Group>
    <Enemy />
    <Class>Character</Class>


    <AnimatedTexture>
      <File>chars8x8dEncounters</File><Index>2</Index>
    </AnimatedTexture>
    <HitSound>monster/ghosts_hit</HitSound>
    <DeathSound>monster/ghosts_death</DeathSound>


    <Size>100</Size>
    <MaxHitPoints>4000</MaxHitPoints>
    <Defense>18</Defense>
    <XpMult>0.3</XpMult>


    <Projectile id="0">
      <ObjectId>Eldritch Zap</ObjectId>
      <Damage>90</Damage>
      <Speed>70</Speed>
      <Size>90</Size>
      <LifetimeMS>1500</LifetimeMS>
    </Projectile>


  </Object>


  <Object type="0x091f" id="Ent Ancient">
    <Group>Heros</Group>
    <Enemy />
    <Class>Character</Class>
    <AnimatedTexture>
      <File>chars8x8dHero1</File><Index>0</Index>
    </AnimatedTexture>
    <HitSound>monster/ents_hit</HitSound>
    <DeathSound>monster/ents_death</DeathSound>
    <Size>140</Size>
    <MaxHitPoints>300000</MaxHitPoints>
    <Defense>7</Defense>
    <Hero />
    <Quest />
    <Level>11</Level>
    <XpMult>0.0</XpMult>

    <Projectile id="0">
      <ObjectId>Bark Bolt</ObjectId>
      <Damage>35</Damage>
      <Speed>60</Speed>
      <LifetimeMS>2000</LifetimeMS>
      <Size>40</Size>
    </Projectile>


  </Object>


  <Object type="0x0920" id="Actual Ent Ancient">
    <DisplayId>Ent Ancient</DisplayId>
    <Group>Heros</Group>
    <Enemy />
    <Class>Character</Class>
    <AnimatedTexture>
      <File>chars8x8dHero1</File><Index>0</Index>
    </AnimatedTexture>
    <HitSound>monster/ents_hit</HitSound>
    <DeathSound>monster/ents_death</DeathSound>
    <Size>140</Size>
    <MaxHitPoints>1200</MaxHitPoints>
    <Defense>15</Defense>
    <Hero />
    <Quest />
    <Level>11</Level>
    <XpMult>3.2</XpMult>


    <Projectile id="0">
      <ObjectId>Bark Bolt</ObjectId>
      <Damage>20</Damage>
      <Speed>70</Speed>
      <LifetimeMS>2000</LifetimeMS>
      <Size>40</Size>
    </Projectile>
    <Projectile id="1">
      <ObjectId>Bark Bolt</ObjectId>
      <Damage>30</Damage>
      <Speed>65</Speed>
      <LifetimeMS>2000</LifetimeMS>
      <Size>50</Size>
    </Projectile>
    <Projectile id="2">
      <ObjectId>Bark Bolt</ObjectId>
      <Damage>40</Damage>
      <Speed>60</Speed>
      <LifetimeMS>2200</LifetimeMS>
      <Size>60</Size>
    </Projectile>
    <Projectile id="3">
      <ObjectId>Bark Bolt</ObjectId>
      <Damage>50</Damage>
      <Speed>55</Speed>
      <LifetimeMS>2400</LifetimeMS>
      <Size>70</Size>
    </Projectile>
    <Projectile id="4">
      <ObjectId>Bark Bolt</ObjectId>
      <Damage>60</Damage>
      <Speed>50</Speed>
      <LifetimeMS>2600</LifetimeMS>
      <Size>80</Size>
    </Projectile>
    <Projectile id="5">
      <ObjectId>Bark Bolt</ObjectId>
      <Damage>70</Damage>
      <Speed>45</Speed>
      <LifetimeMS>2600</LifetimeMS>
      <Size>90</Size>
    </Projectile>
    <Projectile id="6">
      <ObjectId>Bark Bolt</ObjectId>
      <Damage>80</Damage>
      <Speed>40</Speed>
      <LifetimeMS>2800</LifetimeMS>
      <Size>100</Size>
    </Projectile>
    <Projectile id="7">
      <ObjectId>Bark Bolt</ObjectId>
      <Damage>90</Damage>
      <Speed>40</Speed>
      <LifetimeMS>2800</LifetimeMS>
      <Size>110</Size>
    </Projectile>
    <Projectile id="8">
      <ObjectId>Bark Bolt</ObjectId>
      <Damage>100</Damage>
      <Speed>35</Speed>
      <LifetimeMS>3000</LifetimeMS>
      <Size>120</Size>
    </Projectile>
    <Projectile id="9">
      <ObjectId>Bark Bolt</ObjectId>
      <Damage>110</Damage>
      <Speed>35</Speed>
      <LifetimeMS>3000</LifetimeMS>
      <Size>130</Size>
    </Projectile>


  </Object>


  <Object type="0x0921" id="Ent">
    <Group>Ents</Group>
    <Enemy />
    <Class>Character</Class>
    <AnimatedTexture>
      <File>chars8x8dHero1</File><Index>2</Index>
    </AnimatedTexture>
    <HitSound>monster/ents_hit</HitSound>
    <DeathSound>monster/ents_death</DeathSound>
    <Size>120</Size>
    <MaxHitPoints>4500</MaxHitPoints>
    <Defense>11</Defense>
    <XpMult>0.15</XpMult>

    <Projectile id="0">
      <ObjectId>Leaf Bolt</ObjectId>
      <Damage>70</Damage>
      <Speed>65</Speed>
      <LifetimeMS>1300</LifetimeMS>
      <Size>70</Size>
    </Projectile>


  </Object>


  <Object type="0x0922" id="Ent Sapling">
    <Group>Ents</Group>
    <Enemy />
    <Class>Character</Class>
    <AnimatedTexture>
      <File>chars8x8dHero1</File><Index>1</Index>
    </AnimatedTexture>
    <HitSound>monster/ents_hit</HitSound>
    <DeathSound>monster/ents_death</DeathSound>
    <Size>90</Size>
    <MaxHitPoints>200</MaxHitPoints>
    <Defense>3</Defense>
    <XpMult>0.1</XpMult>
    <Projectile id="0">
      <ObjectId>Leaf Bolt</ObjectId>
      <Damage>20</Damage>
      <Speed>70</Speed>
      <LifetimeMS>1400</LifetimeMS>
      <Size>40</Size>
    </Projectile>


  </Object>


  <Object type="0x0923" id="Greater Nature Sprite">
    <Group>Greater Nature Sprites</Group>
    <Enemy />
    <Class>Character</Class>
    <Texture>
      <File>lofiChar28x8</File><Index>0x30</Index>
    </Texture>
    <HitSound>monster/sprites_hit</HitSound>
    <DeathSound>monster/sprites_death</DeathSound>
    <Size>140</Size>
    <MaxHitPoints>3600</MaxHitPoints>
    <Defense>7</Defense>
    <Flying />
    <XpMult>0.0</XpMult>

    <Projectile id="0">
      <ObjectId>Green Bolt</ObjectId>
      <Damage>45</Damage>
      <Speed>80</Speed>
      <LifetimeMS>1700</LifetimeMS>
      <Size>70</Size>
      <PassesCover />
    </Projectile>


  </Object>


  <Object type="0x0924" id="Actual Greater Nature Sprite">
    <DisplayId>Greater Nature Sprite</DisplayId>
    <Group>Greater Nature Sprites</Group>
    <Enemy />
    <Class>Character</Class>
    <Texture>
      <File>lofiChar28x8</File><Index>0x30</Index>
    </Texture>
    <HitSound>monster/sprites_hit</HitSound>
    <DeathSound>monster/sprites_death</DeathSound>
    <Size>140</Size>
    <MaxHitPoints>3600</MaxHitPoints>
    <Defense>7</Defense>
    <Flying />
    <XpMult>0.4</XpMult>

    <Projectile id="0">
      <ObjectId>Green Bolt</ObjectId>
      <Damage>55</Damage>
      <Speed>80</Speed>
      <LifetimeMS>1700</LifetimeMS>
      <Size>70</Size>
      <PassesCover />
    </Projectile>


  </Object>


  <Object type="0x0925" id="Deathmage">
    <Group>Heros</Group>
    <Enemy />
    <Class>Character</Class>
    <AnimatedTexture>
      <File>chars8x8rHero1</File><Index>0x00</Index>
    </AnimatedTexture>
    <HitSound>monster/skeletons_hit</HitSound>
    <DeathSound>monster/skeletons_death</DeathSound>
    <Size>100</Size>
    <MaxHitPoints>900</MaxHitPoints>
    <Defense>11</Defense>
    <Quest />
    <Level>7</Level>
    <XpMult>3.0</XpMult>
    <Projectile id="0">
      <ObjectId>Blue Magic</ObjectId>
      <Damage>25</Damage>
      <Speed>80</Speed>
      <LifetimeMS>3000</LifetimeMS>
      <Size>120</Size>
      <MultiHit />
    </Projectile>
  </Object>


  <Object type="0x0926" id="Bonegrind the Butcher">
    <Enemy />
    <Class>Character</Class>
    <AnimatedTexture>
      <File>chars16x16rEncounters</File><Index>14</Index>
    </AnimatedTexture>
    <HitSound>monster/pirates_hit</HitSound>
    <DeathSound>monster/pirates_death</DeathSound>
    <Size>80</Size>
    <MaxHitPoints>300</MaxHitPoints>
    <Defense>0</Defense>
    <Quest />
    <Level>1</Level>
    <XpMult>0.7</XpMult>
    <NoArticle />


    <Projectile id="0">
      <ObjectId>Blade</ObjectId>
      <Damage>6</Damage>
      <Size>100</Size>
      <Speed>75</Speed>
      <LifetimeMS>800</LifetimeMS>
    </Projectile>


  </Object>


  <Object type="0x0927" id="Dreadstump the Pirate King">
    <Enemy />
    <Class>Character</Class>
    <AnimatedTexture>
      <File>chars16x16dEncounters</File><Index>4</Index>
    </AnimatedTexture>
    <HitSound>monster/pirate_king_hit</HitSound>
    <DeathSound>monster/pirate_king_death</DeathSound>
    <Size>80</Size>
    <MaxHitPoints>800</MaxHitPoints>
    <Defense>3</Defense>
    <Quest />
    <StasisImmune />
    <Level>1</Level>
    <XpMult>0.8</XpMult>
    <NoArticle />

    <Projectile id="0">
      <ObjectId>Blade</ObjectId>
      <Damage>17</Damage>
      <Speed>75</Speed>
      <LifetimeMS>1500</LifetimeMS>
    </Projectile>
    <Projectile id="1">
      <ObjectId>Black Ball</ObjectId>
      <Damage>25</Damage>
      <Speed>130</Speed>
      <LifetimeMS>1100</LifetimeMS>
    </Projectile>


  </Object>


  <Object type="0x0936" id="Arachna the Spider Queen">
    <Class>Character</Class>
    <Texture>
      <File>lofiChar216x16</File><Index>0x31</Index>
    </Texture>
    <HitSound>monster/spider_queen_hit</HitSound>
    <DeathSound>monster/spider_queen_death</DeathSound>
    <Size>100</Size>
    <MaxHitPoints>2700</MaxHitPoints>
    <Defense>4</Defense>
    <Enemy />
    <God />
    <StasisImmune />
    <Quest />
    <Level>1</Level>
    <XpMult>0.8</XpMult>
    <NoArticle />


    <Projectile id="0">
      <ObjectId>Green Magic</ObjectId>
      <Speed>56</Speed>
      <Damage>40</Damage>
      <LifetimeMS>2600</LifetimeMS>
      <MultiHit />
    </Projectile>
    <Projectile id="1">
      <ObjectId>Green Blob</ObjectId>
      <Speed>40</Speed>
      <Damage>75</Damage>
      <Size>185</Size>
      <LifetimeMS>3000</LifetimeMS>
      <MultiHit />
      <ConditionEffect duration="5">Weak</ConditionEffect>
    </Projectile>

  </Object>


  <Object type="0x0937" id="Arachna Web Spoke 1">
    <DisplayId>Arachna Element</DisplayId>
    <Group>AttackType</Group>
    <Class>Character</Class>
    <StasisImmune />
    <MaxHitPoints>100000</MaxHitPoints><Defense>1000</Defense>
    <Texture>
      <File>lofiObj2</File><Index>0x49</Index>
    </Texture>
    <Size>250</Size>
    <StasisImmune />
    <Enemy />


    <Projectile id="0">
      <ObjectId>Web Thread</ObjectId>
      <Damage>0</Damage>
      <Size>170</Size>
      <Speed>70</Speed>
      <LifetimeMS>1450</LifetimeMS>
      <ConditionEffect duration="3">Slowed</ConditionEffect>
      <MultiHit />
    </Projectile>


  </Object>

  <Object type="0x0938" id="Arachna Web Spoke 2">
    <DisplayId>Arachna Element</DisplayId>
    <Group>AttackType</Group>
    <Class>Character</Class>
    <StasisImmune />
    <MaxHitPoints>100000</MaxHitPoints><Defense>1000</Defense>
    <Texture>
      <File>lofiObj2</File><Index>0x49</Index>
    </Texture>
    <Size>250</Size>
    <StasisImmune />
    <Enemy />


    <Projectile id="0">
      <ObjectId>Web Thread</ObjectId>
      <Damage>0</Damage>
      <Size>170</Size>
      <Speed>70</Speed>
      <LifetimeMS>1450</LifetimeMS>
      <ConditionEffect duration="3">Slowed</ConditionEffect>
      <MultiHit />
    </Projectile>


  </Object>

  <Object type="0x0939" id="Arachna Web Spoke 3">
    <DisplayId>Arachna Element</DisplayId>
    <Group>AttackType</Group>
    <Class>Character</Class>
    <StasisImmune />
    <MaxHitPoints>100000</MaxHitPoints><Defense>1000</Defense>
    <Texture>
      <File>lofiObj2</File><Index>0x49</Index>
    </Texture>
    <Size>250</Size>
    <StasisImmune />
    <Enemy />


    <Projectile id="0">
      <ObjectId>Web Thread</ObjectId>
      <Damage>0</Damage>
      <Size>170</Size>
      <Speed>70</Speed>
      <LifetimeMS>1450</LifetimeMS>
      <ConditionEffect duration="3">Slowed</ConditionEffect>
      <MultiHit />
    </Projectile>


  </Object>

  <Object type="0x093a" id="Arachna Web Spoke 4">
    <DisplayId>Arachna Element</DisplayId>
    <Group>AttackType</Group>
    <Class>Character</Class>
    <StasisImmune />
    <MaxHitPoints>100000</MaxHitPoints><Defense>1000</Defense>
    <Texture>
      <File>lofiObj2</File><Index>0x49</Index>
    </Texture>
    <Size>250</Size>
    <StasisImmune />
    <Enemy />


    <Projectile id="0">
      <ObjectId>Web Thread</ObjectId>
      <Damage>0</Damage>
      <Size>170</Size>
      <Speed>70</Speed>
      <LifetimeMS>1450</LifetimeMS>
      <ConditionEffect duration="3">Slowed</ConditionEffect>
      <MultiHit />
    </Projectile>


  </Object>

  <Object type="0x093b" id="Arachna Web Spoke 5">
    <DisplayId>Arachna Element</DisplayId>
    <Group>AttackType</Group>
    <Class>Character</Class>
    <StasisImmune />
    <MaxHitPoints>100000</MaxHitPoints><Defense>1000</Defense>
    <Texture>
      <File>lofiObj2</File><Index>0x49</Index>
    </Texture>
    <Size>250</Size>
    <StasisImmune />
    <Enemy />


    <Projectile id="0">
      <ObjectId>Web Thread</ObjectId>
      <Damage>0</Damage>
      <Size>170</Size>
      <Speed>70</Speed>
      <LifetimeMS>1450</LifetimeMS>
      <ConditionEffect duration="3">Slowed</ConditionEffect>
      <MultiHit />
    </Projectile>


  </Object>

  <Object type="0x093c" id="Arachna Web Spoke 6">
    <DisplayId>Arachna Element</DisplayId>
    <Group>AttackType</Group>
    <Class>Character</Class>
    <StasisImmune />
    <MaxHitPoints>100000</MaxHitPoints><Defense>1000</Defense>
    <Texture>
      <File>lofiObj2</File><Index>0x49</Index>
    </Texture>
    <Size>250</Size>
    <StasisImmune />
    <Enemy />


    <Projectile id="0">
      <ObjectId>Web Thread</ObjectId>
      <Damage>0</Damage>
      <Size>170</Size>
      <Speed>70</Speed>
      <LifetimeMS>1450</LifetimeMS>
      <ConditionEffect duration="3">Slowed</ConditionEffect>
      <MultiHit />
    </Projectile>


  </Object>

  <Object type="0x093d" id="Arachna Web Spoke 7">
    <DisplayId>Arachna Element</DisplayId>
    <Group>AttackType</Group>
    <Class>Character</Class>
    <StasisImmune />
    <MaxHitPoints>100000</MaxHitPoints><Defense>1000</Defense>
    <Texture>
      <File>lofiObj2</File><Index>0x49</Index>
    </Texture>
    <Size>250</Size>
    <StasisImmune />
    <Enemy />


    <Projectile id="0">
      <ObjectId>Web Thread</ObjectId>
      <Damage>0</Damage>
      <Size>170</Size>
      <Speed>70</Speed>
      <LifetimeMS>880</LifetimeMS>
      <ConditionEffect duration="3">Slowed</ConditionEffect>
      <MultiHit />
    </Projectile>


  </Object>

  <Object type="0x093e" id="Arachna Web Spoke 8">
    <DisplayId>Arachna Element</DisplayId>
    <Group>AttackType</Group>
    <Class>Character</Class>
    <StasisImmune />
    <MaxHitPoints>100000</MaxHitPoints><Defense>1000</Defense>
    <Texture>
      <File>lofiObj2</File><Index>0x49</Index>
    </Texture>
    <Size>250</Size>
    <StasisImmune />
    <Enemy />


    <Projectile id="0">
      <ObjectId>Web Thread</ObjectId>
      <Damage>0</Damage>
      <Size>170</Size>
      <Speed>70</Speed>
      <LifetimeMS>880</LifetimeMS>
      <ConditionEffect duration="3">Slowed</ConditionEffect>
      <MultiHit />
    </Projectile>


  </Object>

  <Object type="0x093f" id="Arachna Web Spoke 9">
    <DisplayId>Arachna Element</DisplayId>
    <Group>AttackType</Group>
    <Class>Character</Class>
    <StasisImmune />
    <MaxHitPoints>100000</MaxHitPoints><Defense>1000</Defense>
    <Texture>
      <File>lofiObj2</File><Index>0x49</Index>
    </Texture>
    <Size>250</Size>
    <StasisImmune />
    <Enemy />


    <Projectile id="0">
      <ObjectId>Web Thread</ObjectId>
      <Damage>0</Damage>
      <Size>170</Size>
      <Speed>70</Speed>
      <LifetimeMS>880</LifetimeMS>
      <ConditionEffect duration="3">Slowed</ConditionEffect>
      <MultiHit />
    </Projectile>


  </Object>

  <Object type="0x0940" id="XP Gift">
    <Group>Evaluators</Group>
    <Enemy />
    <Class>Character</Class>


    <Texture>
      <File>lofiChar8x8</File><Index>0xcd</Index>
    </Texture>
    <HitSound>monster/chicken_hit</HitSound>
    <DeathSound>monster/chicken_death</DeathSound>


    <MaxHitPoints>600</MaxHitPoints>
    <Size>180</Size>
    <Defense>0</Defense>
    <XpMult>9.0</XpMult>


  </Object>

  <Object type="0x0962" id="XP Gift A">
    <Group>Evaluators</Group>
    <Enemy />
    <Class>Character</Class>


    <Texture>
      <File>lofiChar8x8</File><Index>0xcd</Index>
    </Texture>
    <HitSound>monster/chicken_hit</HitSound>
    <DeathSound>monster/chicken_death</DeathSound>


    <MaxHitPoints>400</MaxHitPoints>
    <Size>180</Size>
    <Defense>0</Defense>
    <XpMult>70</XpMult>


  </Object>

  <Object type="0x0963" id="XP Gift B">
    <Group>Evaluators</Group>
    <Enemy />
    <Class>Character</Class>


    <Texture>
      <File>lofiChar8x8</File><Index>0xcd</Index>
    </Texture>
    <HitSound>monster/chicken_hit</HitSound>
    <DeathSound>monster/chicken_death</DeathSound>


    <MaxHitPoints>800</MaxHitPoints>
    <Size>180</Size>
    <Defense>0</Defense>
    <XpMult>70</XpMult>


  </Object>

  <Object type="0x0964" id="XP Gift C">
    <Group>Evaluators</Group>
    <Enemy />
    <Class>Character</Class>


    <Texture>
      <File>lofiChar8x8</File><Index>0xcd</Index>
    </Texture>
    <HitSound>monster/chicken_hit</HitSound>
    <DeathSound>monster/chicken_death</DeathSound>


    <MaxHitPoints>600</MaxHitPoints>
    <Size>180</Size>
    <Defense>0</Defense>
    <XpMult>5</XpMult>


  </Object>

  <Object type="0x0965" id="XP Gift D">
    <Group>Evaluators</Group>
    <Enemy />
    <Class>Character</Class>


    <Texture>
      <File>lofiChar8x8</File><Index>0xcd</Index>
    </Texture>
    <HitSound>monster/chicken_hit</HitSound>
    <DeathSound>monster/chicken_death</DeathSound>


    <MaxHitPoints>600</MaxHitPoints>
    <Size>180</Size>
    <Defense>0</Defense>
    <XpMult>90</XpMult>


  </Object>

  <Object type="0x0966" id="XP Gift E">
    <Group>Evaluators</Group>
    <Enemy />
    <Class>Character</Class>


    <Texture>
      <File>lofiChar8x8</File><Index>0xcd</Index>
    </Texture>
    <HitSound>monster/chicken_hit</HitSound>
    <DeathSound>monster/chicken_death</DeathSound>


    <MaxHitPoints>600</MaxHitPoints>
    <Size>180</Size>
    <Defense>0</Defense>
    <XpMult>120</XpMult>


  </Object>

  <Object type="0x0967" id="XP Gift F">
    <Group>Evaluators</Group>
    <Enemy />
    <Class>Character</Class>


    <Texture>
      <File>lofiChar8x8</File><Index>0xcd</Index>
    </Texture>
    <HitSound>monster/chicken_hit</HitSound>
    <DeathSound>monster/chicken_death</DeathSound>


    <MaxHitPoints>600</MaxHitPoints>
    <Size>180</Size>
    <Defense>0</Defense>
    <XpMult>200</XpMult>


  </Object>

  <Object type="0x0968" id="XP Gift G">
    <Group>Evaluators</Group>
    <Enemy />
    <Class>Character</Class>


    <Texture>
      <File>lofiChar8x8</File><Index>0xcd</Index>
    </Texture>
    <HitSound>monster/chicken_hit</HitSound>
    <DeathSound>monster/chicken_death</DeathSound>


    <MaxHitPoints>60</MaxHitPoints>
    <Size>100</Size>
    <Defense>0</Defense>
    <XpMult>30000</XpMult>


  </Object>


  <Object type="0x0941" id="Crystal Prisoner">
    <Enemy />
    <Class>Character</Class>
    <AnimatedTexture>
      <File>chars16x16dEncounters</File><Index>6</Index>
    </AnimatedTexture>
    <HitSound>monster/ghost_god_hit</HitSound>
    <DeathSound>monster/ghost_god_death</DeathSound>
    <Size>100</Size>
    <MaxHitPoints>27000</MaxHitPoints>
    <Defense>25</Defense>
    <God />
    <StasisImmune />
    <XpMult>0.5</XpMult>


    <Projectile id="0">
      <ObjectId>White Bullet</ObjectId>
      <Speed>80</Speed>
      <Damage>95</Damage>
      <Size>65</Size>
      <LifetimeMS>1500</LifetimeMS>
      <ConditionEffect duration="6">Weak</ConditionEffect>
      <MultiHit />
    </Projectile>
    <Projectile id="2">
      <ObjectId>Purple Star</ObjectId>
      <Speed>60</Speed>
      <Damage>110</Damage>
      <Size>90</Size>
      <LifetimeMS>1700</LifetimeMS>
      <MultiHit />
      <ConditionEffect duration="1.0">Confused</ConditionEffect>
    </Projectile>
    <Projectile id="3">
      <ObjectId>Blue Star</ObjectId>
      <Speed>60</Speed>
      <Damage>120</Damage>
      <Size>100</Size>
      <LifetimeMS>1700</LifetimeMS>
      <MultiHit />
      <ConditionEffect duration="8">Slowed</ConditionEffect>
    </Projectile>
    <Projectile id="5">
      <ObjectId>Silver Shield</ObjectId>
      <Speed>47</Speed>
      <Damage>140</Damage>
      <Size>130</Size>
      <LifetimeMS>2400</LifetimeMS>
      <MultiHit />
    </Projectile>


  </Object>


  <Object type="0x0942" id="Crystal Prisoner Clone">
    <Enemy />
    <Class>Character</Class>
    <AnimatedTexture>
      <File>chars16x16dEncounters</File><Index>6</Index>
    </AnimatedTexture>
    <HitSound>monster/ghost_god_hit</HitSound>
    <DeathSound>monster/ghost_god_death</DeathSound>
    <Size>100</Size>
    <MaxHitPoints>15000</MaxHitPoints>
    <Defense>12</Defense>

    <Level>1</Level>
    <XpMult>0.1</XpMult>


    <Projectile id="0">
      <ObjectId>White Bullet</ObjectId>
      <Speed>70</Speed>
      <Damage>85</Damage>
      <Size>65</Size>
      <LifetimeMS>1500</LifetimeMS>
      <MultiHit />
    </Projectile>


  </Object>


  <Object type="0x0943" id="Crystal Prisoner Steed">
    <Enemy />
    <Class>Character</Class>
    <AnimatedTexture>
      <File>chars16x16rEncounters</File><Index>0</Index>
    </AnimatedTexture>
    <HitSound>monster/cyclops_hit</HitSound>
    <DeathSound>monster/cyclops_death</DeathSound>
    <Size>100</Size>
    <MaxHitPoints>6000</MaxHitPoints>
    <Defense>11</Defense>

    <Level>1</Level>
    <XpMult>0.25</XpMult>


    <Projectile id="0">
      <ObjectId>Fire Bolt</ObjectId>
      <Speed>67</Speed>
      <Damage>70</Damage>
      <Size>90</Size>
      <LifetimeMS>2000</LifetimeMS>
      <ConditionEffect duration="2">Weak</ConditionEffect>
      <MultiHit />
    </Projectile>

  </Object>

  <Object type="0x5e1d" id="Lab Rat">
    <Enemy />
    <Class>Character</Class>
    <RemoteTexture>
      <Instance>production</Instance><Id>140645719</Id><Right />
    </RemoteTexture>

    <AltTexture id="1">
      <RemoteTexture>
        <Instance>production</Instance><Id>140657536</Id><Right />
      </RemoteTexture>
    </AltTexture>

    <HitSound>monster/default_hit</HitSound>
    <DeathSound>monster/dark_elves_death</DeathSound>
    <Size>100</Size>
    <MaxHitPoints>4000</MaxHitPoints>
    <Defense>80</Defense>


    <Projectile id="0">
      <ObjectId>H Baby Blast</ObjectId>
      <Size>200</Size>
      <Speed>65</Speed>
      <Damage>160</Damage>
      <LifetimeMS>1000</LifetimeMS>
    </Projectile>


  </Object>


</Objects>