﻿<Objects>
  <Object type="0x741b" id="md1 Head of Shaitan">
    <DisplayId>Head of Shaitan</DisplayId>
    <Class>Character</Class>
    <Group>Spawners</Group>
    <Enemy/>
    <AnimatedTexture>
      <File>chars16x16custom</File>
      <Index>13</Index>
    </AnimatedTexture>
    <HitSound>monster/skeletons_hit</HitSound>
    <DeathSound>monster/skeletons_death</DeathSound>
    <Size>250</Size>
    <ShadowSize>25</ShadowSize>
    <MaxHitPoints>300000</MaxHitPoints>
    <Defense>60</Defense>
    <XpMult>1.3</XpMult>
    <ParalyzeImmune/>
    <DazedImmune/>
    <StasisImmune/>
    <StunImmune/>
    <AltTexture id="1">
      <Texture>
        <File>invisible</File>
        <Index>0</Index>
      </Texture>
    </AltTexture>
    <AltTexture id="2">
      <Texture>
        <File>lofiObjBig</File>
        <Index>0x16a</Index>
      </Texture>
    </AltTexture>
    <AltTexture id="3">
      <Texture>
        <File>lofiObjBig</File>
        <Index>0x16b</Index>
      </Texture>
    </AltTexture>
    <AltTexture id="4">
      <Texture>
        <File>lofiObjBig</File>
        <Index>0x16c</Index>
      </Texture>
    </AltTexture>
    <AltTexture id="5">
      <Texture>
        <File>lofiObjBig</File>
        <Index>0x16d</Index>
      </Texture>
    </AltTexture>
    <AltTexture id="6">
      <Texture>
        <File>lofiObjBig</File>
        <Index>0x16e</Index>
      </Texture>
    </AltTexture>
    <AltTexture id="7">
      <Texture>
        <File>lofiObjBig</File>
        <Index>0x16f</Index>
      </Texture>
    </AltTexture>
    <AltTexture id="8">
      <Texture>
        <File>lofiObjBig</File>
        <Index>0x170</Index>
      </Texture>
    </AltTexture>
    <Projectile id="0">
      <ObjectId>Armor Pierce Bullet</ObjectId>
      <Speed>55</Speed>
      <ArmorPiercing/>
      <MinDamage>150</MinDamage>
      <MaxDamage>150</MaxDamage>
      <LifetimeMS>6000</LifetimeMS>
      <Size>125</Size>
    </Projectile>
    <Projectile id="1">
      <ObjectId>Weakness Bullet</ObjectId>
      <Speed>55</Speed>
      <ArmorPiercing/>
      <MinDamage>70</MinDamage>
      <MaxDamage>70</MaxDamage>
      <LifetimeMS>6000</LifetimeMS>
      <Size>125</Size>
    </Projectile>
  </Object>
  <Object type="0x741c" id="md1 Right Hand of Shaitan">
    <DisplayId>Right Hand of Shaitan</DisplayId>
    <Class>Character</Class>
    <Group>Spawners</Group>
    <Enemy/>
    <AnimatedTexture>
      <File>chars16x16custom</File>
      <Index>25</Index>
    </AnimatedTexture>
    <HitSound>monster/skeletons_hit</HitSound>
    <DeathSound>monster/skeletons_death</DeathSound>
    <Size>200</Size>
    <ShadowSize>25</ShadowSize>
    <MaxHitPoints>25000</MaxHitPoints>
    <Defense>70</Defense>
    <XpMult>0.0</XpMult>
    <ParalyzeImmune/>
    <StasisImmune/>
    <AltTexture id="1">
      <Texture>
        <File>lofiObjBig</File>
        <Index>0x158</Index>
      </Texture>
    </AltTexture>
    <AltTexture id="2">
      <Texture>
        <File>lofiObjBig</File>
        <Index>0x159</Index>
      </Texture>
    </AltTexture>
    <AltTexture id="3">
      <Texture>
        <File>invisible</File>
        <Index>0</Index>
      </Texture>
    </AltTexture>
    <Projectile id="0">
      <ObjectId>White Bullet</ObjectId>
      <Speed>40</Speed>
      <MinDamage>125</MinDamage>
      <MaxDamage>125</MaxDamage>
      <LifetimeMS>4000</LifetimeMS>
      <Size>100</Size>
    </Projectile>
    <Projectile id="1">
      <ObjectId>Armor Pierce Bullet</ObjectId>
      <Speed>30</Speed>
      <ArmorPiercing/>
      <MinDamage>100</MinDamage>
      <MaxDamage>100</MaxDamage>
      <LifetimeMS>4000</LifetimeMS>
      <Size>100</Size>
    </Projectile>
    <Projectile id="2">
      <ObjectId>Paralyze Bullet</ObjectId>
      <Speed>40</Speed>
      <MinDamage>50</MinDamage>
      <MaxDamage>50</MaxDamage>
      <LifetimeMS>500</LifetimeMS>
      <Size>100</Size>
      <ConditionEffect duration="0.5">Paralyzed</ConditionEffect>
    </Projectile>
  </Object>
  <Object type="0x742c" id="md1 Right Smashing Hand">
    <DisplayId>Right Smashing Hand</DisplayId>
    <Class>Character</Class>
    <Group>Spawners</Group>
    <Enemy/>
    <Texture>
      <File>lofiObjBig</File>
      <Index>0x168</Index>
    </Texture>
    <HitSound>monster/skeletons_hit</HitSound>
    <DeathSound>monster/skeletons_death</DeathSound>
    <Size>200</Size>
    <ShadowSize>25</ShadowSize>
    <MaxHitPoints>20000</MaxHitPoints>
    <Defense>0</Defense>
    <XpMult>0.0</XpMult>
    <ParalyzeImmune/>
    <StasisImmune/>
    <Projectile id="0">
      <ObjectId>Silence Bullet</ObjectId>
      <Speed>35</Speed>
      <MinDamage>70</MinDamage>
      <MaxDamage>70</MaxDamage>
      <LifetimeMS>1600</LifetimeMS>
      <Size>100</Size>
      <ConditionEffect duration="1.0">Quiet</ConditionEffect>
    </Projectile>
  </Object>
  <Object type="0x741d" id="md1 Left Hand of Shaitan">
    <DisplayId>Left Hand of Shaitan</DisplayId>
    <Class>Character</Class>
    <Group>Spawners</Group>
    <Enemy/>
    <AnimatedTexture>
      <File>chars16x16custom</File>
      <Index>26</Index>
    </AnimatedTexture>
    <HitSound>monster/skeletons_hit</HitSound>
    <DeathSound>monster/skeletons_death</DeathSound>
    <Size>200</Size>
    <ShadowSize>25</ShadowSize>
    <MaxHitPoints>25000</MaxHitPoints>
    <Defense>70</Defense>
    <XpMult>0.0</XpMult>
    <ParalyzeImmune/>
    <StasisImmune/>
    <AltTexture id="1">
      <Texture>
        <File>lofiObjBig</File>
        <Index>0x15a</Index>
      </Texture>
    </AltTexture>
    <AltTexture id="2">
      <Texture>
        <File>lofiObjBig</File>
        <Index>0x15b</Index>
      </Texture>
    </AltTexture>
    <AltTexture id="3">
      <Texture>
        <File>invisible</File>
        <Index>0</Index>
      </Texture>
    </AltTexture>
    <Projectile id="0">
      <ObjectId>White Bullet</ObjectId>
      <Speed>40</Speed>
      <MinDamage>125</MinDamage>
      <MaxDamage>125</MaxDamage>
      <LifetimeMS>4000</LifetimeMS>
      <Size>100</Size>
    </Projectile>
    <Projectile id="1">
      <ObjectId>Armor Pierce Bullet</ObjectId>
      <Speed>30</Speed>
      <ArmorPiercing/>
      <MinDamage>100</MinDamage>
      <MaxDamage>100</MaxDamage>
      <LifetimeMS>4000</LifetimeMS>
      <Size>100</Size>
    </Projectile>
    <Projectile id="2">
      <ObjectId>Paralyze Bullet</ObjectId>
      <Speed>40</Speed>
      <MinDamage>50</MinDamage>
      <MaxDamage>50</MaxDamage>
      <LifetimeMS>500</LifetimeMS>
      <Size>100</Size>
      <ConditionEffect duration="0.5">Paralyzed</ConditionEffect>
    </Projectile>
  </Object>
  <Object type="0x742b" id="md1 Left Smashing Hand">
    <DisplayId>Left Smashing Hand</DisplayId>
    <Class>Character</Class>
    <Group>Spawners</Group>
    <Enemy/>
    <Texture>
      <File>lofiObjBig</File>
      <Index>0x169</Index>
    </Texture>
    <HitSound>monster/skeletons_hit</HitSound>
    <DeathSound>monster/skeletons_death</DeathSound>
    <Size>200</Size>
    <ShadowSize>25</ShadowSize>
    <MaxHitPoints>20000</MaxHitPoints>
    <Defense>0</Defense>
    <XpMult>0.0</XpMult>
    <ParalyzeImmune/>
    <StasisImmune/>
    <Projectile id="0">
      <ObjectId>Silence Bullet</ObjectId>
      <Speed>35</Speed>
      <MinDamage>70</MinDamage>
      <MaxDamage>70</MaxDamage>
      <LifetimeMS>1600</LifetimeMS>
      <Size>100</Size>
      <ConditionEffect duration="1.0">Quiet</ConditionEffect>
    </Projectile>
  </Object>
  <Object type="0x741e" id="md1 Right Hand spawner">
    <Class>Character</Class>
    <Enemy/>
    <Texture>
      <File>invisible</File>
      <Index>0</Index>
    </Texture>
    <NoMiniMap/>
    <Size>0</Size>
    <XpMult>0.0</XpMult>
    <StasisImmune/>
    <StunImmune/>
    <ParalyzeImmune/>
    <DisplayId>Right Hand spawner</DisplayId>
  </Object>
  <Object type="0x741f" id="md1 Left Hand spawner">
    <Class>Character</Class>
    <Enemy/>
    <Texture>
      <File>invisible</File>
      <Index>0</Index>
    </Texture>
    <NoMiniMap/>
    <Size>0</Size>
    <XpMult>0.0</XpMult>
    <StasisImmune/>
    <DisplayId>Left Hand spawner</DisplayId>
  </Object>
  <Object type="0x7420" id="md1 Governor">
    <Class>Character</Class>
    <Enemy/>
    <Texture>
      <File>invisible</File>
      <Index>0</Index>
    </Texture>
    <NoMiniMap/>
    <Size>0</Size>
    <XpMult>0.0</XpMult>
    <StasisImmune/>
    <DisplayId>Governor</DisplayId>
  </Object>
  <Object type="0x7429" id="md1 LeftHandSmash">
    <Class>Character</Class>
    <Enemy/>
    <Texture>
      <File>invisible</File>
      <Index>0</Index>
    </Texture>
    <NoMiniMap/>
    <Size>0</Size>
    <XpMult>0.0</XpMult>
    <StasisImmune/>
    <DisplayId>LeftHandSmash</DisplayId>
  </Object>
  <Object type="0x742a" id="md1 RightHandSmash">
    <Class>Character</Class>
    <Enemy/>
    <Texture>
      <File>invisible</File>
      <Index>0</Index>
    </Texture>
    <NoMiniMap/>
    <Size>0</Size>
    <XpMult>0.0</XpMult>
    <StasisImmune/>
    <DisplayId>RightHandSmash</DisplayId>
  </Object>
  <Object type="0x7424" id="md1 Right Burst">
    <Class>Character</Class>
    <Enemy/>
    <Texture>
      <File>invisible</File>
      <Index>0</Index>
    </Texture>
    <NoMiniMap/>
    <Size>0</Size>
    <XpMult>0.0</XpMult>
    <StasisImmune/>
    <DisplayId>Right Burst</DisplayId>
  </Object>
  <Object type="0x7425" id="md1 Mid Burst">
    <Class>Character</Class>
    <Enemy/>
    <Texture>
      <File>invisible</File>
      <Index>0</Index>
    </Texture>
    <NoMiniMap/>
    <Size>0</Size>
    <XpMult>0.0</XpMult>
    <StasisImmune/>
    <DisplayId>Mid Burst</DisplayId>
  </Object>
  <Object type="0x7426" id="md1 Left Burst">
    <Class>Character</Class>
    <Enemy/>
    <Texture>
      <File>invisible</File>
      <Index>0</Index>
    </Texture>
    <NoMiniMap/>
    <Size>0</Size>
    <XpMult>0.0</XpMult>
    <StasisImmune/>
    <DisplayId>Left Burst</DisplayId>
  </Object>
  <Object type="0x7430" id="md1 Lava Makers">
    <Class>Character</Class>
    <Enemy/>
    <Texture>
      <File>invisible</File>
      <Index>0</Index>
    </Texture>
    <NoMiniMap/>
    <Size>0</Size>
    <XpMult>0.0</XpMult>
    <StasisImmune/>
    <DisplayId>Lava Makers</DisplayId>
  </Object>
  <Object type="0x7421" id="md1 Right Hand of Shaitan fake">
    <DisplayId>Right Hand of Shaitan fake</DisplayId>
    <Class>Character</Class>
    <Group>Spawners</Group>
    <Enemy/>
    <NoMiniMap/>
    <AnimatedTexture>
      <File>chars16x16custom</File>
      <Index>25</Index>
    </AnimatedTexture>
    <HitSound>monster/skeletons_hit</HitSound>
    <DeathSound>monster/skeletons_death</DeathSound>
    <Size>200</Size>
    <ShadowSize>25</ShadowSize>
    <MaxHitPoints>50000</MaxHitPoints>
    <Defense>70</Defense>
    <XpMult>0.0</XpMult>
    <ParalyzeImmune/>
    <DazedImmune/>
    <StasisImmune/>
    <StunImmune/>
    <AltTexture id="1">
      <Texture>
        <File>lofiObjBig</File>
        <Index>0x158</Index>
      </Texture>
    </AltTexture>
    <AltTexture id="2">
      <Texture>
        <File>lofiObjBig</File>
        <Index>0x159</Index>
      </Texture>
    </AltTexture>
    <AltTexture id="3">
      <Texture>
        <File>invisible</File>
        <Index>0</Index>
      </Texture>
    </AltTexture>
  </Object>
  <Object type="0x7422" id="md1 Left Hand of Shaitan fake">
    <DisplayId>Left Hand of Shaitan fake</DisplayId>
    <Class>Character</Class>
    <Group>Spawners</Group>
    <Enemy/>
    <NoMiniMap/>
    <AnimatedTexture>
      <File>chars16x16custom</File>
      <Index>26</Index>
    </AnimatedTexture>
    <HitSound>monster/skeletons_hit</HitSound>
    <DeathSound>monster/skeletons_death</DeathSound>
    <Size>200</Size>
    <ShadowSize>25</ShadowSize>
    <MaxHitPoints>5000</MaxHitPoints>
    <Defense>0</Defense>
    <XpMult>0.0</XpMult>
    <ParalyzeImmune/>
    <DazedImmune/>
    <StasisImmune/>
    <StunImmune/>
    <AltTexture id="1">
      <Texture>
        <File>lofiObjBig</File>
        <Index>0x15a</Index>
      </Texture>
    </AltTexture>
    <AltTexture id="2">
      <Texture>
        <File>lofiObjBig</File>
        <Index>0x15b</Index>
      </Texture>
    </AltTexture>
    <AltTexture id="3">
      <Texture>
        <File>invisible</File>
        <Index>0</Index>
      </Texture>
    </AltTexture>
  </Object>
  <Object type="0x7423" id="md1 CreepyHands">
    <DisplayId>CreepyHands</DisplayId>
    <Class>Character</Class>
    <Enemy/>
    <AnimatedTexture>
      <File>chars16x16custom</File>
      <Index>25</Index>
    </AnimatedTexture>
    <HitSound>monster/skeletons_hit</HitSound>
    <DeathSound>monster/skeletons_death</DeathSound>
    <Size>50</Size>
    <ShadowSize>25</ShadowSize>
    <MaxHitPoints>3600</MaxHitPoints>
    <Defense>0</Defense>
    <XpMult>0.0</XpMult>
    <Projectile id="0">
      <ObjectId>Armor Pierce Bullet</ObjectId>
      <Speed>20</Speed>
      <MinDamage>13</MinDamage>
      <MaxDamage>13</MaxDamage>
      <LifetimeMS>250</LifetimeMS>
      <Size>50</Size>
      <ArmorPiercing/>
      <ConditionEffect duration="0.5">Slowed</ConditionEffect>
    </Projectile>
  </Object>
  <Object type="0x7428" id="md1 CreepyHead">
    <DisplayId>CreepyHead</DisplayId>
    <Class>Character</Class>
    <Enemy/>
    <AnimatedTexture>
      <File>chars16x16custom</File>
      <Index>13</Index>
    </AnimatedTexture>
    <HitSound>monster/skeletons_hit</HitSound>
    <DeathSound>monster/skeletons_death</DeathSound>
    <Size>75</Size>
    <ShadowSize>25</ShadowSize>
    <MaxHitPoints>10000</MaxHitPoints>
    <Defense>25</Defense>
    <XpMult>0.0</XpMult>
    <Projectile id="0">
      <ObjectId>Armor Pierce Bullet</ObjectId>
      <Speed>20</Speed>
      <MinDamage>70</MinDamage>
      <MaxDamage>70</MaxDamage>
      <LifetimeMS>2000</LifetimeMS>
      <Size>100</Size>
      <ArmorPiercing/>
    </Projectile>
  </Object>
  <Object type="0x7431" id="md1 Loot Balloon Shaitan">
    <Class>Character</Class>
    <Enemy/>
    <Texture>
      <File>extraEnvironment</File>
      <Index>0x1cf</Index>
    </Texture>
    <MaxHitPoints>120000</MaxHitPoints>
    <Defense>35</Defense>
    <Size>160</Size>
    <XpMult>0.0</XpMult>
    <DisplayId>Loot Balloon Shaitan</DisplayId>
  </Object>
  <Object type="0x7432" id="md1 Chest spawner">
    <Class>Character</Class>
    <Enemy/>
    <Texture>
      <File>invisible</File>
      <Index>0</Index>
    </Texture>
    <NoMiniMap/>
    <Size>0</Size>
    <XpMult>0.0</XpMult>
    <StasisImmune/>
    <DisplayId>Lava Makers</DisplayId>
  </Object>
</Objects>